cell_id,time_sec,F340_F380_ratio
cell_01,0.0,0.9077
cell_01,0.5,0.9077
cell_01,1.0,0.9439
cell_01,1.5,0.9277
cell_01,2.0,0.903
cell_01,2.5,0.9232
cell_01,3.0,0.9031
cell_01,3.5,0.903
cell_01,4.0,0.9172
cell_01,4.5,0.8741
cell_01,5.0,0.8779
cell_01,5.5,0.9011
cell_01,6.0,0.8921
cell_01,6.5,0.9186
cell_01,7.0,0.8942
cell_01,7.5,0.8841
cell_01,8.0,0.9417
cell_01,8.5,0.9078
cell_01,9.0,0.9137
cell_01,9.5,0.8839
cell_01,10.0,0.9015
cell_01,10.5,0.9146
cell_01,11.0,0.8893
cell_01,11.5,0.9199
cell_01,12.0,0.9003
cell_01,12.5,0.9065
cell_01,13.0,0.9003
cell_01,13.5,0.9494
cell_01,14.0,0.9121
cell_01,14.5,0.8912
cell_01,15.0,0.9288
cell_01,15.5,0.8879
cell_01,16.0,0.9165
cell_01,16.5,0.8732
cell_01,17.0,0.8858
cell_01,17.5,0.9163
cell_01,18.0,0.9271
cell_01,18.5,0.9158
cell_01,19.0,0.91
cell_01,19.5,0.9063
cell_01,20.0,0.8828
cell_01,20.5,0.898
cell_01,21.0,0.9031
cell_01,21.5,0.9335
cell_01,22.0,0.9192
cell_01,22.5,0.8771
cell_01,23.0,0.9188
cell_01,23.5,0.9047
cell_01,24.0,0.8988
cell_01,24.5,0.9246
cell_01,25.0,0.933
cell_01,25.5,0.931
cell_01,26.0,0.8956
cell_01,26.5,0.9062
cell_01,27.0,0.919
cell_01,27.5,0.9319
cell_01,28.0,0.9028
cell_01,28.5,0.9086
cell_01,29.0,0.8985
cell_01,29.5,0.8884
cell_01,30.0,0.9286
cell_01,30.5,1.1355
cell_01,31.0,1.2644
cell_01,31.5,1.4114
cell_01,32.0,1.4976
cell_01,32.5,1.5545
cell_01,33.0,1.6336
cell_01,33.5,1.7012
cell_01,34.0,1.7014
cell_01,34.5,1.755
cell_01,35.0,1.6847
cell_01,35.5,1.76
cell_01,36.0,1.7476500000000001
cell_01,36.5,1.7353
cell_01,37.0,1.7361
cell_01,37.5,1.6847
cell_01,38.0,1.7079
cell_01,38.5,1.7056
cell_01,39.0,1.7127
cell_01,39.5,1.6566
cell_01,40.0,1.6395
cell_01,40.5,1.6224
cell_01,41.0,1.6329
cell_01,41.5,1.6032
cell_01,42.0,1.568
cell_01,42.5,1.5708
cell_01,43.0,1.5446
cell_01,43.5,1.5444
cell_01,44.0,1.4936
cell_01,44.5,1.484
cell_01,45.0,1.4659
cell_01,45.5,1.428
cell_01,46.0,1.4472
cell_01,46.5,1.4308
cell_01,47.0,1.4103
cell_01,47.5,1.3906
cell_01,48.0,1.3525
cell_01,48.5,1.3582
cell_01,49.0,1.346
cell_01,49.5,1.3235
cell_01,50.0,1.3233
cell_01,50.5,1.322
cell_01,51.0,1.3394
cell_01,51.5,1.2933
cell_01,52.0,1.2834
cell_01,52.5,1.2656
cell_01,53.0,1.2178
cell_01,53.5,1.2451
cell_01,54.0,1.2366
cell_01,54.5,1.2748
cell_01,55.0,1.212
cell_01,55.5,1.2126
cell_01,56.0,1.1968
cell_01,56.5,1.1654
cell_01,57.0,1.2031
cell_01,57.5,1.1871
cell_01,58.0,1.1799
cell_01,58.5,1.1381
cell_01,59.0,1.1768
cell_01,59.5,1.1135
cell_01,60.0,1.1462
cell_01,60.5,1.1714
cell_01,61.0,1.1012
cell_01,61.5,1.1033
cell_01,62.0,1.1103
cell_01,62.5,1.0922
cell_01,63.0,1.0655
cell_01,63.5,1.0922
cell_01,64.0,1.0641
cell_01,64.5,1.0895
cell_01,65.0,1.0564
cell_01,65.5,1.1008
cell_01,66.0,1.0493
cell_01,66.5,1.0538
cell_01,67.0,1.072
cell_01,67.5,1.0267
cell_01,68.0,1.0516
cell_01,68.5,1.069
cell_01,69.0,1.0067
cell_01,69.5,1.0387
cell_01,70.0,1.0364
cell_01,70.5,1.0432
cell_01,71.0,0.9992
cell_01,71.5,0.9941
cell_01,72.0,1.0277
cell_01,72.5,1.0199
cell_01,73.0,1.0159
cell_01,73.5,1.0148
cell_01,74.0,0.9913
cell_01,74.5,1.0067
cell_01,75.0,1.0051
cell_01,75.5,0.9823
cell_01,76.0,1.0313
cell_01,76.5,1.001
cell_01,77.0,0.9652
cell_01,77.5,0.9998
cell_01,78.0,0.9649
cell_01,78.5,0.9979
cell_01,79.0,1.0032
cell_01,79.5,0.9615
cell_01,80.0,0.9952
cell_01,80.5,0.9822
cell_01,81.0,0.9885
cell_01,81.5,1.0082
cell_01,82.0,0.9636
cell_01,82.5,0.9517
cell_01,83.0,0.9494
cell_01,83.5,0.9471
cell_01,84.0,0.9603
cell_01,84.5,0.9672
cell_01,85.0,0.9705999999999999
cell_01,85.5,0.974
cell_01,86.0,0.9563
cell_01,86.5,0.9838
cell_01,87.0,0.9481
cell_01,87.5,1.0065
cell_01,88.0,0.9634
cell_01,88.5,0.9326
cell_01,89.0,0.9271
cell_01,89.5,0.9571
cell_01,90.0,0.9419
cell_01,90.5,0.9596
cell_01,91.0,0.9538
cell_01,91.5,0.9419
cell_01,92.0,0.9254
cell_01,92.5,0.9112
cell_01,93.0,0.9316
cell_01,93.5,0.9568
cell_01,94.0,0.9431
cell_01,94.5,0.9131
cell_01,95.0,0.9407
cell_01,95.5,0.9442
cell_01,96.0,0.9181
cell_01,96.5,0.9381
cell_01,97.0,0.9355
cell_01,97.5,0.9108
cell_01,98.0,0.9401
cell_01,98.5,0.9436
cell_01,99.0,0.9534
cell_01,99.5,0.9522
cell_02,0.0,0.8811
cell_02,0.5,0.909
cell_02,1.0,0.8914
cell_02,1.5,0.8946
cell_02,2.0,0.8624
cell_02,2.5,0.822
cell_02,3.0,0.9118
cell_02,3.5,0.9322
cell_02,4.0,0.8824
cell_02,4.5,0.8943
cell_02,5.0,0.8958
cell_02,5.5,0.9228
cell_02,6.0,0.9071
cell_02,6.5,0.8992
cell_02,7.0,0.8904
cell_02,7.5,0.8905
cell_02,8.0,0.8605
cell_02,8.5,0.8816
cell_02,9.0,0.907
cell_02,9.5,0.8846
cell_02,10.0,0.8902
cell_02,10.5,0.8658
cell_02,11.0,0.8982
cell_02,11.5,0.8601
cell_02,12.0,0.8951
cell_02,12.5,0.8855
cell_02,13.0,0.8544
cell_02,13.5,0.9107
cell_02,14.0,0.886
cell_02,14.5,0.9265
cell_02,15.0,0.9189
cell_02,15.5,0.8717
cell_02,16.0,0.8735
cell_02,16.5,0.8659
cell_02,17.0,0.8576
cell_02,17.5,0.8808
cell_02,18.0,0.9182
cell_02,18.5,0.851
cell_02,19.0,0.9063
cell_02,19.5,0.9047
cell_02,20.0,0.9004
cell_02,20.5,0.904
cell_02,21.0,0.8672
cell_02,21.5,0.9045
cell_02,22.0,0.8783
cell_02,22.5,0.8401
cell_02,23.0,0.8904
cell_02,23.5,0.8724
cell_02,24.0,0.9165
cell_02,24.5,0.8836
cell_02,25.0,0.8902
cell_02,25.5,0.8971
cell_02,26.0,0.8839
cell_02,26.5,0.8872
cell_02,27.0,0.9062
cell_02,27.5,0.8907499999999999
cell_02,28.0,0.8753
cell_02,28.5,0.8699
cell_02,29.0,0.918
cell_02,29.5,0.8753
cell_02,30.0,0.8864
cell_02,30.5,1.0315
cell_02,31.0,1.1441
cell_02,31.5,1.2084
cell_02,32.0,1.281
cell_02,32.5,1.2822
cell_02,33.0,1.295
cell_02,33.5,1.321
cell_02,34.0,1.3202
cell_02,34.5,1.309
cell_02,35.0,1.3258
cell_02,35.5,1.2935
cell_02,36.0,1.3543
cell_02,36.5,1.2819
cell_02,37.0,1.2903
cell_02,37.5,1.2862
cell_02,38.0,1.3188
cell_02,38.5,1.2413
cell_02,39.0,1.2695
cell_02,39.5,1.2783
cell_02,40.0,1.2424
cell_02,40.5,1.2163
cell_02,41.0,1.2289
cell_02,41.5,1.2531
cell_02,42.0,1.2019
cell_02,42.5,1.2348
cell_02,43.0,1.2033
cell_02,43.5,1.215
cell_02,44.0,1.1872
cell_02,44.5,1.1657
cell_02,45.0,1.201
cell_02,45.5,1.1657
cell_02,46.0,1.1577
cell_02,46.5,1.1638
cell_02,47.0,1.1596
cell_02,47.5,1.1511
cell_02,48.0,1.1016
cell_02,48.5,1.1098
cell_02,49.0,1.1036
cell_02,49.5,1.0954
cell_02,50.0,1.0879
cell_02,50.5,1.0946500000000001
cell_02,51.0,1.1014
cell_02,51.5,1.0993
cell_02,52.0,1.0844
cell_02,52.5,1.071
cell_02,53.0,1.1002
cell_02,53.5,1.0682
cell_02,54.0,1.0842
cell_02,54.5,1.0496
cell_02,55.0,1.065
cell_02,55.5,1.0793
cell_02,56.0,0.9962
cell_02,56.5,1.0313
cell_02,57.0,1.0523
cell_02,57.5,1.0609
cell_02,58.0,1.037
cell_02,58.5,1.0303
cell_02,59.0,1.058
cell_02,59.5,1.0478
cell_02,60.0,1.0016
cell_02,60.5,1.018
cell_02,61.0,1.0197
cell_02,61.5,1.0438
cell_02,62.0,1.0237
cell_02,62.5,1.0014
cell_02,63.0,1.005
cell_02,63.5,0.9601
cell_02,64.0,1.0144
cell_02,64.5,1.0053
cell_02,65.0,1.014
cell_02,65.5,0.9843
cell_02,66.0,0.9873
cell_02,66.5,0.9727
cell_02,67.0,0.957
cell_02,67.5,0.9657
cell_02,68.0,0.9391
cell_02,68.5,0.9916
cell_02,69.0,0.9277
cell_02,69.5,1.0098
cell_02,70.0,0.9318
cell_02,70.5,0.9952
cell_02,71.0,0.9451
cell_02,71.5,0.9726
cell_02,72.0,0.9445
cell_02,72.5,0.9913
cell_02,73.0,0.9569
cell_02,73.5,0.9759
cell_02,74.0,0.9543
cell_02,74.5,0.9582
cell_02,75.0,0.9619
cell_02,75.5,0.9375
cell_02,76.0,0.921
cell_02,76.5,0.9191
cell_02,77.0,0.9448
cell_02,77.5,0.9326
cell_02,78.0,0.8981
cell_02,78.5,0.95
cell_02,79.0,0.9141
cell_02,79.5,0.914
cell_02,80.0,0.9352
cell_02,80.5,0.9168
cell_02,81.0,0.9361
cell_02,81.5,0.972
cell_02,82.0,0.9239
cell_02,82.5,0.9092
cell_02,83.0,0.933
cell_02,83.5,0.9129
cell_02,84.0,0.9278
cell_02,84.5,0.9327
cell_02,85.0,0.9248
cell_02,85.5,0.9257
cell_02,86.0,0.9275
cell_02,86.5,0.9548
cell_02,87.0,0.9169
cell_02,87.5,0.9237
cell_02,88.0,0.9377
cell_02,88.5,0.929
cell_02,89.0,0.9116
cell_02,89.5,0.9361
cell_02,90.0,0.8999
cell_02,90.5,0.9121
cell_02,91.0,0.9005
cell_02,91.5,0.9268
cell_02,92.0,0.9384
cell_02,92.5,0.9184
cell_02,93.0,0.9148
cell_02,93.5,0.8952
cell_02,94.0,0.8981
cell_02,94.5,0.8877
cell_02,95.0,0.8675
cell_02,95.5,0.9026
cell_02,96.0,0.904
cell_02,96.5,0.9529
cell_02,97.0,0.9402
cell_02,97.5,0.9195
cell_02,98.0,0.9496
cell_02,98.5,0.9353
cell_02,99.0,0.8668
cell_02,99.5,0.9279
cell_03,0.0,0.8458
cell_03,0.5,0.8458
cell_03,1.0,0.8297
cell_03,1.5,0.8678
cell_03,2.0,0.8292
cell_03,2.5,0.8318
cell_03,3.0,0.8501
cell_03,3.5,0.8339
cell_03,4.0,0.817
cell_03,4.5,0.8197
cell_03,5.0,0.8525
cell_03,5.5,0.8146
cell_03,6.0,0.8697
cell_03,6.5,0.8279
cell_03,7.0,0.8541
cell_03,7.5,0.8291
cell_03,8.0,0.8234
cell_03,8.5,0.8467
cell_03,9.0,0.8628
cell_03,9.5,0.8368
cell_03,10.0,0.8404
cell_03,10.5,0.8579
cell_03,11.0,0.8585
cell_03,11.5,0.841
cell_03,12.0,0.8329
cell_03,12.5,0.8434
cell_03,13.0,0.8379
cell_03,13.5,0.848
cell_03,14.0,0.8178
cell_03,14.5,0.8473
cell_03,15.0,0.8274
cell_03,15.5,0.8599
cell_03,16.0,0.8283
cell_03,16.5,0.8286
cell_03,17.0,0.8506
cell_03,17.5,0.842
cell_03,18.0,0.8873
cell_03,18.5,0.8091
cell_03,19.0,0.8439
cell_03,19.5,0.8643
cell_03,20.0,0.8302
cell_03,20.5,0.8235
cell_03,21.0,0.8243
cell_03,21.5,0.8095
cell_03,22.0,0.8687
cell_03,22.5,0.8351
cell_03,23.0,0.8328
cell_03,23.5,0.7993
cell_03,24.0,0.8131
cell_03,24.5,0.871
cell_03,25.0,0.8478
cell_03,25.5,0.8651
cell_03,26.0,0.8433999999999999
cell_03,26.5,0.8217
cell_03,27.0,0.8903
cell_03,27.5,0.8807
cell_03,28.0,0.8305
cell_03,28.5,0.7704
cell_03,29.0,0.8346
cell_03,29.5,0.8465
cell_03,30.0,0.8304
cell_03,30.5,0.9589
cell_03,31.0,1.0368
cell_03,31.5,1.1377
cell_03,32.0,1.1679
cell_03,32.5,1.2189
cell_03,33.0,1.2468
cell_03,33.5,1.1932
cell_03,34.0,1.2293
cell_03,34.5,1.2356
cell_03,35.0,1.2994
cell_03,35.5,1.2481
cell_03,36.0,1.2567
cell_03,36.5,1.1966
cell_03,37.0,1.2299
cell_03,37.5,1.2387
cell_03,38.0,1.2279
cell_03,38.5,1.2145
cell_03,39.0,1.1934
cell_03,39.5,1.1854
cell_03,40.0,1.1413
cell_03,40.5,1.1483
cell_03,41.0,1.1622
cell_03,41.5,1.1346
cell_03,42.0,1.1542
cell_03,42.5,1.1414
cell_03,43.0,1.1513
cell_03,43.5,1.1352
cell_03,44.0,1.1129
cell_03,44.5,1.1158
cell_03,45.0,1.1136
cell_03,45.5,1.0762
cell_03,46.0,1.0728
cell_03,46.5,1.0707
cell_03,47.0,1.0565
cell_03,47.5,1.08
cell_03,48.0,1.0409
cell_03,48.5,1.0724
cell_03,49.0,1.0342
cell_03,49.5,1.0453
cell_03,50.0,1.0336
cell_03,50.5,1.0054
cell_03,51.0,1.0193
cell_03,51.5,1.0213
cell_03,52.0,1.0084
cell_03,52.5,0.978
cell_03,53.0,1.0343
cell_03,53.5,0.9975
cell_03,54.0,0.9754
cell_03,54.5,1.0195
cell_03,55.0,0.9952
cell_03,55.5,0.9549
cell_03,56.0,0.9541
cell_03,56.5,0.9667
cell_03,57.0,0.9734
cell_03,57.5,0.9763
cell_03,58.0,0.9794
cell_03,58.5,0.9678
cell_03,59.0,0.9806
cell_03,59.5,0.953
cell_03,60.0,0.9322
cell_03,60.5,0.9443
cell_03,61.0,0.9401
cell_03,61.5,0.887
cell_03,62.0,0.9246
cell_03,62.5,0.9394
cell_03,63.0,0.9221
cell_03,63.5,0.9151
cell_03,64.0,0.9438
cell_03,64.5,0.9048
cell_03,65.0,0.9351
cell_03,65.5,0.8919
cell_03,66.0,0.9716
cell_03,66.5,0.9099
cell_03,67.0,0.9057
cell_03,67.5,0.933
cell_03,68.0,0.8998
cell_03,68.5,0.9354
cell_03,69.0,0.9119
cell_03,69.5,0.9003
cell_03,70.0,0.8964
cell_03,70.5,0.9234
cell_03,71.0,0.9022
cell_03,71.5,0.90375
cell_03,72.0,0.9053
cell_03,72.5,0.8956
cell_03,73.0,0.9019
cell_03,73.5,0.8877
cell_03,74.0,0.8877
cell_03,74.5,0.865
cell_03,75.0,0.892
cell_03,75.5,0.8504
cell_03,76.0,0.8892
cell_03,76.5,0.8767
cell_03,77.0,0.8887
cell_03,77.5,0.8591
cell_03,78.0,0.865
cell_03,78.5,0.8709
cell_03,79.0,0.856
cell_03,79.5,0.8403
cell_03,80.0,0.8903
cell_03,80.5,0.906
cell_03,81.0,0.8571
cell_03,81.5,0.8706
cell_03,82.0,0.8651
cell_03,82.5,0.8573
cell_03,83.0,0.8829
cell_03,83.5,0.889
cell_03,84.0,0.8507
cell_03,84.5,0.8682
cell_03,85.0,0.8923
cell_03,85.5,0.8796
cell_03,86.0,0.8819
cell_03,86.5,0.8919
cell_03,87.0,0.8909
cell_03,87.5,0.8838
cell_03,88.0,0.8655
cell_03,88.5,0.8544
cell_03,89.0,0.8635
cell_03,89.5,0.8502
cell_03,90.0,0.8213
cell_03,90.5,0.8542
cell_03,91.0,0.8664
cell_03,91.5,0.847
cell_03,92.0,0.8544
cell_03,92.5,0.8547
cell_03,93.0,0.8845
cell_03,93.5,0.8497
cell_03,94.0,0.8836
cell_03,94.5,0.8831
cell_03,95.0,0.8826
cell_03,95.5,0.8812
cell_03,96.0,0.8729
cell_03,96.5,0.8142
cell_03,97.0,0.8745
cell_03,97.5,0.8528
cell_03,98.0,0.8028
cell_03,98.5,0.8791
cell_03,99.0,0.8817
cell_03,99.5,0.8144
cell_04,0.0,0.9142
cell_04,0.5,0.8598
cell_04,1.0,0.8791
cell_04,1.5,0.8978
cell_04,2.0,0.9216
cell_04,2.5,0.889
cell_04,3.0,0.8792
cell_04,3.5,0.9279
cell_04,4.0,0.8613
cell_04,4.5,0.8463
cell_04,5.0,0.8991
cell_04,5.5,0.8802
cell_04,6.0,0.8699
cell_04,6.5,0.9045
cell_04,7.0,0.8952
cell_04,7.5,0.879
cell_04,8.0,0.8647
cell_04,8.5,0.9077
cell_04,9.0,0.9033
cell_04,9.5,0.8883
cell_04,10.0,0.9272
cell_04,10.5,0.8689
cell_04,11.0,0.8598
cell_04,11.5,0.8765
cell_04,12.0,0.8894
cell_04,12.5,0.8952
cell_04,13.0,0.8855
cell_04,13.5,0.8973
cell_04,14.0,0.8653
cell_04,14.5,0.9192
cell_04,15.0,0.8886
cell_04,15.5,0.8928499999999999
cell_04,16.0,0.8971
cell_04,16.5,0.8994
cell_04,17.0,0.9017
cell_04,17.5,0.8992
cell_04,18.0,0.9031
cell_04,18.5,0.9169
cell_04,19.0,0.8942
cell_04,19.5,0.9045
cell_04,20.0,0.8885
cell_04,20.5,0.9191
cell_04,21.0,0.8768
cell_04,21.5,0.9263
cell_04,22.0,0.8895
cell_04,22.5,0.8617
cell_04,23.0,0.8929
cell_04,23.5,0.8767
cell_04,24.0,0.9071
cell_04,24.5,0.8772
cell_04,25.0,0.8814
cell_04,25.5,0.8525
cell_04,26.0,0.8812
cell_04,26.5,0.8418
cell_04,27.0,0.87365
cell_04,27.5,0.9055
cell_04,28.0,0.906
cell_04,28.5,0.8988
cell_04,29.0,0.8709
cell_04,29.5,0.8893
cell_04,30.0,0.8902
cell_04,30.5,1.1703
cell_04,31.0,1.4317
cell_04,31.5,1.5595
cell_04,32.0,1.6295
cell_04,32.5,1.6919
cell_04,33.0,1.7284
cell_04,33.5,1.699
cell_04,34.0,1.7383
cell_04,34.5,1.7245
cell_04,35.0,1.7071
cell_04,35.5,1.7065
cell_04,36.0,1.7304
cell_04,36.5,1.688
cell_04,37.0,1.6434
cell_04,37.5,1.6454
cell_04,38.0,1.6409
cell_04,38.5,1.6105
cell_04,39.0,1.5724
cell_04,39.5,1.5379
cell_04,40.0,1.5448
cell_04,40.5,1.5192
cell_04,41.0,1.5102
cell_04,41.5,1.4865
cell_04,42.0,1.4768
cell_04,42.5,1.4276
cell_04,43.0,1.4477
cell_04,43.5,1.4088
cell_04,44.0,1.4304
cell_04,44.5,1.3596
cell_04,45.0,1.3931
cell_04,45.5,1.3478
cell_04,46.0,1.3167
cell_04,46.5,1.3064
cell_04,47.0,1.2964
cell_04,47.5,1.2985
cell_04,48.0,1.288
cell_04,48.5,1.2541
cell_04,49.0,1.2534
cell_04,49.5,1.2854
cell_04,50.0,1.2661
cell_04,50.5,1.2297
cell_04,51.0,1.2114
cell_04,51.5,1.2031
cell_04,52.0,1.2033
cell_04,52.5,1.1613
cell_04,53.0,1.1675
cell_04,53.5,1.1305
cell_04,54.0,1.1633
cell_04,54.5,1.16
cell_04,55.0,1.1295
cell_04,55.5,1.1629
cell_04,56.0,1.0994
cell_04,56.5,1.0873
cell_04,57.0,1.1141
cell_04,57.5,1.1237
cell_04,58.0,1.1298
cell_04,58.5,1.0806
cell_04,59.0,1.1051
cell_04,59.5,1.0767
cell_04,60.0,1.0682
cell_04,60.5,1.0837
cell_04,61.0,1.0736
cell_04,61.5,1.0238
cell_04,62.0,1.0797
cell_04,62.5,1.0728
cell_04,63.0,1.0279
cell_04,63.5,1.0436
cell_04,64.0,1.0411
cell_04,64.5,1.032
cell_04,65.0,1.0115
cell_04,65.5,1.005
cell_04,66.0,1.0139
cell_04,66.5,1.034
cell_04,67.0,1.0177
cell_04,67.5,0.9958
cell_04,68.0,1.0151
cell_04,68.5,0.9393
cell_04,69.0,1.016
cell_04,69.5,0.955
cell_04,70.0,0.9795
cell_04,70.5,0.9613
cell_04,71.0,0.9549
cell_04,71.5,1.0012
cell_04,72.0,0.9659
cell_04,72.5,0.9795
cell_04,73.0,0.9691
cell_04,73.5,0.9771
cell_04,74.0,0.9667
cell_04,74.5,0.9372
cell_04,75.0,0.9805
cell_04,75.5,0.9485
cell_04,76.0,0.9251
cell_04,76.5,0.9457
cell_04,77.0,0.9823
cell_04,77.5,0.9673
cell_04,78.0,0.9415
cell_04,78.5,0.9396
cell_04,79.0,0.9384
cell_04,79.5,0.9847
cell_04,80.0,0.9492
cell_04,80.5,0.9485
cell_04,81.0,0.959
cell_04,81.5,0.9417
cell_04,82.0,0.9303
cell_04,82.5,0.9301
cell_04,83.0,0.9313
cell_04,83.5,0.9306
cell_04,84.0,0.9446
cell_04,84.5,0.9299
cell_04,85.0,0.9423
cell_04,85.5,0.9249
cell_04,86.0,0.9269
cell_04,86.5,0.8843
cell_04,87.0,0.9415
cell_04,87.5,0.9291
cell_04,88.0,0.9412
cell_04,88.5,0.8623
cell_04,89.0,0.9611
cell_04,89.5,0.9156
cell_04,90.0,0.9397
cell_04,90.5,0.8959
cell_04,91.0,0.9281
cell_04,91.5,0.894
cell_04,92.0,0.9018
cell_04,92.5,0.9518
cell_04,93.0,0.909
cell_04,93.5,0.9165
cell_04,94.0,0.9288
cell_04,94.5,0.9207
cell_04,95.0,0.9132
cell_04,95.5,0.9168
cell_04,96.0,0.957
cell_04,96.5,0.9072
cell_04,97.0,0.9118
cell_04,97.5,0.9283
cell_04,98.0,0.9288
cell_04,98.5,0.9299
cell_04,99.0,0.9185
cell_04,99.5,0.8824
cell_05,0.0,1.039
cell_05,0.5,1.1018
cell_05,1.0,1.0399
cell_05,1.5,1.0427
cell_05,2.0,1.0452
cell_05,2.5,1.1057
cell_05,3.0,1.0725
cell_05,3.5,0.4692
cell_05,4.0,1.0635
cell_05,4.5,1.0461
cell_05,5.0,1.0692
cell_05,5.5,1.0239
cell_05,6.0,1.0317
cell_05,6.5,1.0667
cell_05,7.0,1.0234
cell_05,7.5,1.0453
cell_05,8.0,1.0447
cell_05,8.5,1.0355
cell_05,9.0,1.0055
cell_05,9.5,1.0304
cell_05,10.0,1.025
cell_05,10.5,1.0432
cell_05,11.0,1.0407
cell_05,11.5,1.0445
cell_05,12.0,1.022
cell_05,12.5,1.0444
cell_05,13.0,1.0013
cell_05,13.5,0.9945
cell_05,14.0,0.9827
cell_05,14.5,1.018
cell_05,15.0,1.0114
cell_05,15.5,1.0407
cell_05,16.0,1.0104
cell_05,16.5,1.02355
cell_05,17.0,1.0367
cell_05,17.5,1.0052
cell_05,18.0,1.0233
cell_05,18.5,1.0359
cell_05,19.0,0.9896
cell_05,19.5,0.0862
cell_05,20.0,0.9977
cell_05,20.5,0.9864
cell_05,21.0,0.9776
cell_05,21.5,0.983
cell_05,22.0,1.0065
cell_05,22.5,0.9716
cell_05,23.0,0.9913
cell_05,23.5,1.0171
cell_05,24.0,1.0083
cell_05,24.5,0.9872
cell_05,25.0,1.0301
cell_05,25.5,1.0326
cell_05,26.0,0.9938
cell_05,26.5,0.9424
cell_05,27.0,1.008
cell_05,27.5,0.9429
cell_05,28.0,1.0168
cell_05,28.5,1.0074
cell_05,29.0,1.0197
cell_05,29.5,0.9879
cell_05,30.0,0.974
cell_05,30.5,1.0217
cell_05,31.0,1.056
cell_05,31.5,1.1125
cell_05,32.0,1.1254
cell_05,32.5,1.1259
cell_05,33.0,1.1169
cell_05,33.5,1.1882
cell_05,34.0,1.1556
cell_05,34.5,1.1051
cell_05,35.0,1.125
cell_05,35.5,1.1511
cell_05,36.0,1.1128
cell_05,36.5,1.1316
cell_05,37.0,1.1389
cell_05,37.5,1.0471
cell_05,38.0,1.0751
cell_05,38.5,1.1031
cell_05,39.0,1.0908
cell_05,39.5,1.0997
cell_05,40.0,1.1014
cell_05,40.5,1.0858
cell_05,41.0,1.0702
cell_05,41.5,1.0851
cell_05,42.0,1.0683
cell_05,42.5,1.0576
cell_05,43.0,1.031
cell_05,43.5,1.0211
cell_05,44.0,1.0209
cell_05,44.5,1.0484
cell_05,45.0,1.0366
cell_05,45.5,1.004
cell_05,46.0,1.0421
cell_05,46.5,1.0523
cell_05,47.0,1.0085
cell_05,47.5,0.9815
cell_05,48.0,0.998
cell_05,48.5,1.0252
cell_05,49.0,1.0151
cell_05,49.5,0.9818
cell_05,50.0,1.0268
cell_05,50.5,1.0196
cell_05,51.0,0.9742
cell_05,51.5,0.9704
cell_05,52.0,0.9699
cell_05,52.5,0.9681
cell_05,53.0,0.9938
cell_05,53.5,0.9799
cell_05,54.0,0.9856
cell_05,54.5,0.9782
cell_05,55.0,0.9958
cell_05,55.5,0.9372
cell_05,56.0,0.9628
cell_05,56.5,0.9087
cell_05,57.0,0.9228
cell_05,57.5,0.9446
cell_05,58.0,0.9516
cell_05,58.5,0.9383
cell_05,59.0,0.9261
cell_05,59.5,0.9268
cell_05,60.0,0.9592
cell_05,60.5,0.9214
cell_05,61.0,0.9614
cell_05,61.5,0.9396
cell_05,62.0,0.9303
cell_05,62.5,0.8946
cell_05,63.0,0.9347
cell_05,63.5,0.9035
cell_05,64.0,0.887
cell_05,64.5,0.9187
cell_05,65.0,1.9141
cell_05,65.5,0.8883
cell_05,66.0,0.901
cell_05,66.5,0.8919
cell_05,67.0,0.8828
cell_05,67.5,0.885
cell_05,68.0,0.9066
cell_05,68.5,0.8649
cell_05,69.0,0.8963
cell_05,69.5,0.9093
cell_05,70.0,0.8768
cell_05,70.5,0.9013
cell_05,71.0,0.8845
cell_05,71.5,0.8619
cell_05,72.0,0.8704
cell_05,72.5,0.8647
cell_05,73.0,0.8685
cell_05,73.5,0.8712
cell_05,74.0,0.8779
cell_05,74.5,0.8742
cell_05,75.0,0.8134
cell_05,75.5,0.8581
cell_05,76.0,0.8279
cell_05,76.5,0.8506
cell_05,77.0,0.8516
cell_05,77.5,0.8717
cell_05,78.0,0.8496
cell_05,78.5,0.8535
cell_05,79.0,0.8623
cell_05,79.5,0.8691
cell_05,80.0,0.8402
cell_05,80.5,0.8427
cell_05,81.0,0.8391
cell_05,81.5,0.8262
cell_05,82.0,0.8198
cell_05,82.5,0.7879
cell_05,83.0,0.81
cell_05,83.5,0.7942
cell_05,84.0,0.8531
cell_05,84.5,0.8299
cell_05,85.0,0.8190500000000001
cell_05,85.5,0.8082
cell_05,86.0,0.8214
cell_05,86.5,0.8021
cell_05,87.0,0.8208
cell_05,87.5,0.8205
cell_05,88.0,0.8075
cell_05,88.5,0.7945
cell_05,89.0,0.8296
cell_05,89.5,0.8076
cell_05,90.0,0.7913
cell_05,90.5,0.7978
cell_05,91.0,0.7833
cell_05,91.5,0.8005
cell_05,92.0,0.8168
cell_05,92.5,0.7979
cell_05,93.0,0.8441
cell_05,93.5,0.8035
cell_05,94.0,0.798
cell_05,94.5,0.7736
cell_05,95.0,0.7854
cell_05,95.5,0.7729
cell_05,96.0,0.7435
cell_05,96.5,0.8047
cell_05,97.0,0.7733
cell_05,97.5,0.7667
cell_05,98.0,0.7845
cell_05,98.5,0.7889
cell_05,99.0,0.7706
cell_05,99.5,0.7753
cell_06,0.0,0.9192
cell_06,0.5,0.9284
cell_06,1.0,0.8915
cell_06,1.5,0.8969
cell_06,2.0,0.9164
cell_06,2.5,0.916
cell_06,3.0,0.8812
cell_06,3.5,0.9169
cell_06,4.0,0.9017
cell_06,4.5,0.9465
cell_06,5.0,0.9187
cell_06,5.5,0.9221
cell_06,6.0,0.9227
cell_06,6.5,0.8894
cell_06,7.0,0.9526
cell_06,7.5,0.8812
cell_06,8.0,0.9296
cell_06,8.5,0.9261
cell_06,9.0,0.9042
cell_06,9.5,0.927
cell_06,10.0,0.9074
cell_06,10.5,0.9002
cell_06,11.0,0.9231
cell_06,11.5,0.8936
cell_06,12.0,0.9092
cell_06,12.5,0.9018
cell_06,13.0,0.907
cell_06,13.5,0.9224
cell_06,14.0,0.9018
cell_06,14.5,0.9099
cell_06,15.0,0.9036
cell_06,15.5,0.9426
cell_06,16.0,0.9206
cell_06,16.5,0.9181
cell_06,17.0,0.9274
cell_06,17.5,0.9018
cell_06,18.0,0.9309
cell_06,18.5,0.9206
cell_06,19.0,0.8825
cell_06,19.5,0.8851
cell_06,20.0,0.9023
cell_06,20.5,0.8873
cell_06,21.0,0.9089
cell_06,21.5,0.8934
cell_06,22.0,0.9118
cell_06,22.5,0.9419
cell_06,23.0,0.9127
cell_06,23.5,0.9076
cell_06,24.0,0.9215
cell_06,24.5,0.8998
cell_06,25.0,0.9306
cell_06,25.5,0.9236
cell_06,26.0,0.9145
cell_06,26.5,0.9168
cell_06,27.0,0.9545
cell_06,27.5,0.9326
cell_06,28.0,0.9577
cell_06,28.5,0.9243
cell_06,29.0,0.8843
cell_06,29.5,0.9085
cell_06,30.0,0.8797
cell_06,30.5,1.1968
cell_06,31.0,1.4027
cell_06,31.5,1.5167
cell_06,32.0,1.6258
cell_06,32.5,1.6799499999999998
cell_06,33.0,1.7341
cell_06,33.5,1.7607
cell_06,34.0,1.8246
cell_06,34.5,1.8049
cell_06,35.0,1.786
cell_06,35.5,1.7518
cell_06,36.0,1.7868
cell_06,36.5,1.7369
cell_06,37.0,1.7664
cell_06,37.5,1.7235
cell_06,38.0,1.6664
cell_06,38.5,1.644
cell_06,39.0,1.6683
cell_06,39.5,1.6079
cell_06,40.0,1.5752
cell_06,40.5,1.5624
cell_06,41.0,1.5284
cell_06,41.5,1.521
cell_06,42.0,1.4927
cell_06,42.5,1.4904
cell_06,43.0,1.4444
cell_06,43.5,1.4145
cell_06,44.0,1.4059
cell_06,44.5,1.3871
cell_06,45.0,1.3747
cell_06,45.5,1.3716
cell_06,46.0,1.3538
cell_06,46.5,1.35
cell_06,47.0,1.2943
cell_06,47.5,1.3033
cell_06,48.0,1.2957
cell_06,48.5,1.2538
cell_06,49.0,1.2498
cell_06,49.5,1.2061
cell_06,50.0,1.2468
cell_06,50.5,1.2125
cell_06,51.0,1.2215
cell_06,51.5,1.20075
cell_06,52.0,1.18
cell_06,52.5,1.1416
cell_06,53.0,1.1354
cell_06,53.5,1.1023
cell_06,54.0,1.1339
cell_06,54.5,1.1819
cell_06,55.0,1.1022
cell_06,55.5,1.0672
cell_06,56.0,1.1313
cell_06,56.5,1.1518
cell_06,57.0,1.1033
cell_06,57.5,1.0961
cell_06,58.0,1.0775
cell_06,58.5,1.0414
cell_06,59.0,1.0421
cell_06,59.5,1.0588
cell_06,60.0,1.0492
cell_06,60.5,1.0516
cell_06,61.0,1.0652
cell_06,61.5,1.0318
cell_06,62.0,1.0556
cell_06,62.5,1.0223
cell_06,63.0,1.0501
cell_06,63.5,1.0267
cell_06,64.0,1.012
cell_06,64.5,1.0181
cell_06,65.0,1.0069
cell_06,65.5,1.0113
cell_06,66.0,1.0206
cell_06,66.5,1.0002
cell_06,67.0,0.9912
cell_06,67.5,0.9729
cell_06,68.0,1.0039
cell_06,68.5,0.9963
cell_06,69.0,0.9628
cell_06,69.5,1.0004
cell_06,70.0,0.9571
cell_06,70.5,0.9991
cell_06,71.0,0.9898
cell_06,71.5,0.9821
cell_06,72.0,0.9639
cell_06,72.5,0.9808
cell_06,73.0,0.9887
cell_06,73.5,0.977
cell_06,74.0,0.9498
cell_06,74.5,0.9667
cell_06,75.0,0.9822
cell_06,75.5,1.0018
cell_06,76.0,0.952
cell_06,76.5,0.9717
cell_06,77.0,0.9757
cell_06,77.5,0.9352
cell_06,78.0,0.9857
cell_06,78.5,0.9274
cell_06,79.0,0.9635
cell_06,79.5,0.9522
cell_06,80.0,0.946
cell_06,80.5,0.9946
cell_06,81.0,0.9365
cell_06,81.5,0.9351
cell_06,82.0,0.967
cell_06,82.5,0.9546
cell_06,83.0,0.9641
cell_06,83.5,0.9398
cell_06,84.0,0.9429
cell_06,84.5,0.9737
cell_06,85.0,0.9182
cell_06,85.5,0.932
cell_06,86.0,0.9493
cell_06,86.5,0.9287
cell_06,87.0,0.9205
cell_06,87.5,0.9435
cell_06,88.0,0.9572
cell_06,88.5,0.9271
cell_06,89.0,0.9259
cell_06,89.5,0.9157
cell_06,90.0,0.9222
cell_06,90.5,0.9492
cell_06,91.0,0.9287
cell_06,91.5,0.9104
cell_06,92.0,0.9313
cell_06,92.5,0.9466
cell_06,93.0,0.9139
cell_06,93.5,0.8981
cell_06,94.0,0.9681
cell_06,94.5,0.8963
cell_06,95.0,0.9163
cell_06,95.5,0.9278
cell_06,96.0,0.9173
cell_06,96.5,0.9209
cell_06,97.0,0.9336
cell_06,97.5,0.874
cell_06,98.0,0.8961
cell_06,98.5,0.9221
cell_06,99.0,0.9128
cell_06,99.5,0.9232
cell_07,0.0,1.0459
cell_07,0.5,1.0363
cell_07,1.0,1.0292
cell_07,1.5,1.0435
cell_07,2.0,1.0216
cell_07,2.5,1.0045
cell_07,3.0,1.0189
cell_07,3.5,1.0072
cell_07,4.0,1.0086
cell_07,4.5,1.0193
cell_07,5.0,1.0063
cell_07,5.5,1.016
cell_07,6.0,0.9843
cell_07,6.5,1.0264
cell_07,7.0,1.0222
cell_07,7.5,1.0058
cell_07,8.0,1.0353
cell_07,8.5,1.0409
cell_07,9.0,0.99
cell_07,9.5,1.0069
cell_07,10.0,1.0068
cell_07,10.5,1.0033
cell_07,11.0,1.0387
cell_07,11.5,1.0183
cell_07,12.0,1.0169
cell_07,12.5,0.9821
cell_07,13.0,1.0349
cell_07,13.5,0.9974
cell_07,14.0,1.0233
cell_07,14.5,1.0277
cell_07,15.0,1.0494
cell_07,15.5,0.996
cell_07,16.0,0.9618
cell_07,16.5,1.0258
cell_07,17.0,1.0582
cell_07,17.5,1.0469
cell_07,18.0,1.0263
cell_07,18.5,1.0123
cell_07,19.0,1.0383
cell_07,19.5,1.0027
cell_07,20.0,1.0317
cell_07,20.5,1.0323
cell_07,21.0,1.0433
cell_07,21.5,1.0773
cell_07,22.0,1.03
cell_07,22.5,1.012
cell_07,23.0,1.0216
cell_07,23.5,0.9868
cell_07,24.0,1.0082
cell_07,24.5,1.014
cell_07,25.0,1.0117
cell_07,25.5,1.0252
cell_07,26.0,1.0057
cell_07,26.5,1.0446
cell_07,27.0,1.0221
cell_07,27.5,1.022
cell_07,28.0,1.0156
cell_07,28.5,1.0252
cell_07,29.0,1.0386
cell_07,29.5,1.0048
cell_07,30.0,1.009
cell_07,30.5,1.1019
cell_07,31.0,1.1507
cell_07,31.5,1.2172
cell_07,32.0,1.2688
cell_07,32.5,1.3312
cell_07,33.0,1.3464
cell_07,33.5,1.366
cell_07,34.0,1.3947
cell_07,34.5,1.386
cell_07,35.0,1.404
cell_07,35.5,1.3984
cell_07,36.0,1.4076
cell_07,36.5,1.3905
cell_07,37.0,1.3515
cell_07,37.5,1.3943
cell_07,38.0,1.4211
cell_07,38.5,1.406
cell_07,39.0,1.4009
cell_07,39.5,1.3999
cell_07,40.0,1.3702
cell_07,40.5,1.3652
cell_07,41.0,1.3416
cell_07,41.5,1.3402
cell_07,42.0,1.3513
cell_07,42.5,1.3555
cell_07,43.0,1.321
cell_07,43.5,1.3073
cell_07,44.0,1.3088
cell_07,44.5,1.3135
cell_07,45.0,1.2653
cell_07,45.5,1.2411
cell_07,46.0,1.269
cell_07,46.5,1.2487
cell_07,47.0,1.2563
cell_07,47.5,1.2569
cell_07,48.0,1.2443
cell_07,48.5,1.2761
cell_07,49.0,1.2475
cell_07,49.5,1.241
cell_07,50.0,1.2416
cell_07,50.5,1.2006
cell_07,51.0,1.2387
cell_07,51.5,1.211
cell_07,52.0,1.2206
cell_07,52.5,1.1807
cell_07,53.0,1.166
cell_07,53.5,1.2086
cell_07,54.0,1.1951
cell_07,54.5,1.1649
cell_07,55.0,1.1611
cell_07,55.5,1.1966
cell_07,56.0,1.1461
cell_07,56.5,1.1987
cell_07,57.0,1.1438
cell_07,57.5,1.1707
cell_07,58.0,1.1476
cell_07,58.5,1.1625
cell_07,59.0,1.136
cell_07,59.5,1.1402
cell_07,60.0,1.1409
cell_07,60.5,1.1167
cell_07,61.0,1.1484
cell_07,61.5,1.1202
cell_07,62.0,1.1229
cell_07,62.5,1.1046
cell_07,63.0,1.0704
cell_07,63.5,1.1151
cell_07,64.0,1.1644
cell_07,64.5,1.1293
cell_07,65.0,1.1106
cell_07,65.5,1.1033
cell_07,66.0,1.1066
cell_07,66.5,1.1147
cell_07,67.0,1.0779
cell_07,67.5,1.1216
cell_07,68.0,1.1115
cell_07,68.5,1.1094
cell_07,69.0,1.1018
cell_07,69.5,1.0915
cell_07,70.0,1.1026
cell_07,70.5,1.0991
cell_07,71.0,1.0784
cell_07,71.5,1.0722
cell_07,72.0,1.084
cell_07,72.5,1.1113
cell_07,73.0,1.0539
cell_07,73.5,1.0478
cell_07,74.0,1.0789
cell_07,74.5,1.0751
cell_07,75.0,1.0761
cell_07,75.5,1.0761
cell_07,76.0,1.0654
cell_07,76.5,1.0983
cell_07,77.0,1.0352
cell_07,77.5,1.0494
cell_07,78.0,1.0627
cell_07,78.5,1.0307
cell_07,79.0,1.0589
cell_07,79.5,1.0945
cell_07,80.0,1.0606
cell_07,80.5,1.0638
cell_07,81.0,1.0329
cell_07,81.5,1.0448
cell_07,82.0,1.0486
cell_07,82.5,1.06425
cell_07,83.0,1.0799
cell_07,83.5,1.0645
cell_07,84.0,1.0303
cell_07,84.5,1.0566
cell_07,85.0,1.0608
cell_07,85.5,1.0728
cell_07,86.0,1.0809
cell_07,86.5,1.0282
cell_07,87.0,1.0316
cell_07,87.5,1.0219
cell_07,88.0,1.0417
cell_07,88.5,1.055
cell_07,89.0,1.0648
cell_07,89.5,1.0429
cell_07,90.0,1.0374
cell_07,90.5,1.0462
cell_07,91.0,1.0259
cell_07,91.5,1.0838
cell_07,92.0,1.0093
cell_07,92.5,1.0446
cell_07,93.0,1.0809
cell_07,93.5,1.04
cell_07,94.0,1.0356
cell_07,94.5,1.0318
cell_07,95.0,1.0348
cell_07,95.5,1.0654
cell_07,96.0,0.9933
cell_07,96.5,1.0678
cell_07,97.0,1.0082
cell_07,97.5,1.031
cell_07,98.0,1.0391499999999998
cell_07,98.5,1.0473
cell_07,99.0,1.0032
cell_07,99.5,1.044
cell_08,0.0,0.8149
cell_08,0.5,0.8354
cell_08,1.0,0.8335
cell_08,1.5,0.8434
cell_08,2.0,0.8349
cell_08,2.5,0.8376
cell_08,3.0,0.8518
cell_08,3.5,0.8167
cell_08,4.0,0.8537
cell_08,4.5,0.8618
cell_08,5.0,0.8717
cell_08,5.5,0.7961
cell_08,6.0,0.8353
cell_08,6.5,0.7997
cell_08,7.0,0.7903
cell_08,7.5,0.8419
cell_08,8.0,0.831
cell_08,8.5,0.845
cell_08,9.0,0.8487
cell_08,9.5,0.8639
cell_08,10.0,0.8401
cell_08,10.5,0.8974
cell_08,11.0,0.8451
cell_08,11.5,0.8758
cell_08,12.0,0.7923
cell_08,12.5,0.866
cell_08,13.0,0.833
cell_08,13.5,0.8
cell_08,14.0,0.8474
cell_08,14.5,0.8329
cell_08,15.0,0.8506
cell_08,15.5,0.8592
cell_08,16.0,0.8092
cell_08,16.5,0.8593
cell_08,17.0,0.8391
cell_08,17.5,0.866
cell_08,18.0,0.8349
cell_08,18.5,0.8371999999999999
cell_08,19.0,0.8395
cell_08,19.5,0.841
cell_08,20.0,0.8257
cell_08,20.5,0.8291
cell_08,21.0,0.8144
cell_08,21.5,0.8303
cell_08,22.0,0.8525
cell_08,22.5,0.8362
cell_08,23.0,0.8592
cell_08,23.5,0.8353
cell_08,24.0,0.8104
cell_08,24.5,0.81795
cell_08,25.0,0.8255
cell_08,25.5,0.8343
cell_08,26.0,0.8637
cell_08,26.5,0.8158
cell_08,27.0,0.8423
cell_08,27.5,0.8382
cell_08,28.0,0.853
cell_08,28.5,0.8561
cell_08,29.0,0.8443
cell_08,29.5,0.8318
cell_08,30.0,0.8484
cell_08,30.5,1.0045
cell_08,31.0,1.0899
cell_08,31.5,1.1759
cell_08,32.0,1.2614
cell_08,32.5,1.3117
cell_08,33.0,1.3287
cell_08,33.5,1.3941
cell_08,34.0,1.3876
cell_08,34.5,1.4399
cell_08,35.0,1.4283
cell_08,35.5,1.4519
cell_08,36.0,1.4617
cell_08,36.5,1.5025
cell_08,37.0,1.4649
cell_08,37.5,1.4719
cell_08,38.0,1.4748
cell_08,38.5,1.4384
cell_08,39.0,1.4245
cell_08,39.5,1.3868
cell_08,40.0,1.3945
cell_08,40.5,1.3705
cell_08,41.0,1.3648
cell_08,41.5,1.3978
cell_08,42.0,1.3502
cell_08,42.5,1.3179
cell_08,43.0,1.3503
cell_08,43.5,1.3295
cell_08,44.0,1.3182
cell_08,44.5,1.2457
cell_08,45.0,1.3128
cell_08,45.5,1.2509
cell_08,46.0,1.2661
cell_08,46.5,1.2896
cell_08,47.0,1.2712
cell_08,47.5,1.1977
cell_08,48.0,1.1777
cell_08,48.5,1.2249
cell_08,49.0,1.189
cell_08,49.5,1.1663
cell_08,50.0,1.1792
cell_08,50.5,1.1542
cell_08,51.0,1.1624
cell_08,51.5,1.1409
cell_08,52.0,1.1454
cell_08,52.5,1.1047
cell_08,53.0,1.143
cell_08,53.5,1.1205
cell_08,54.0,1.1118
cell_08,54.5,1.0691
cell_08,55.0,1.1182
cell_08,55.5,1.0769
cell_08,56.0,1.0849
cell_08,56.5,1.0572
cell_08,57.0,1.0624
cell_08,57.5,1.0568
cell_08,58.0,0.9884
cell_08,58.5,1.0505
cell_08,59.0,1.0724
cell_08,59.5,1.0383
cell_08,60.0,1.0029
cell_08,60.5,1.0298
cell_08,61.0,1.0329
cell_08,61.5,1.0169
cell_08,62.0,1.0004
cell_08,62.5,0.9923
cell_08,63.0,0.9877
cell_08,63.5,1.0021
cell_08,64.0,0.9557
cell_08,64.5,0.9723
cell_08,65.0,1.0076
cell_08,65.5,1.0044
cell_08,66.0,0.9383
cell_08,66.5,0.9415
cell_08,67.0,0.9551
cell_08,67.5,0.9749
cell_08,68.0,0.9171
cell_08,68.5,0.9492
cell_08,69.0,0.9376
cell_08,69.5,0.9705
cell_08,70.0,0.9074
cell_08,70.5,0.91735
cell_08,71.0,0.9273
cell_08,71.5,0.9618
cell_08,72.0,0.9417
cell_08,72.5,0.9154
cell_08,73.0,0.9416
cell_08,73.5,0.9143
cell_08,74.0,0.9397
cell_08,74.5,0.9126
cell_08,75.0,0.9362
cell_08,75.5,0.9216
cell_08,76.0,0.976
cell_08,76.5,0.9076
cell_08,77.0,0.9143
cell_08,77.5,0.8951
cell_08,78.0,0.9029
cell_08,78.5,0.847
cell_08,79.0,0.9085
cell_08,79.5,0.9243
cell_08,80.0,0.9037
cell_08,80.5,0.8679
cell_08,81.0,0.8765
cell_08,81.5,0.8424
cell_08,82.0,0.9091
cell_08,82.5,0.8679
cell_08,83.0,0.8861
cell_08,83.5,0.8822
cell_08,84.0,0.9137
cell_08,84.5,0.8843
cell_08,85.0,0.8975
cell_08,85.5,0.8911
cell_08,86.0,0.9061
cell_08,86.5,0.873
cell_08,87.0,0.9141
cell_08,87.5,0.8359
cell_08,88.0,0.8917
cell_08,88.5,0.8562
cell_08,89.0,0.8627
cell_08,89.5,0.8829
cell_08,90.0,0.8818
cell_08,90.5,0.8818
cell_08,91.0,0.8411
cell_08,91.5,0.8969
cell_08,92.0,0.87395
cell_08,92.5,0.851
cell_08,93.0,0.8783
cell_08,93.5,0.859
cell_08,94.0,0.8702
cell_08,94.5,0.8202
cell_08,95.0,0.8683
cell_08,95.5,0.8663
cell_08,96.0,0.8511
cell_08,96.5,0.8191
cell_08,97.0,0.8557
cell_08,97.5,0.8586
cell_08,98.0,0.8514
cell_08,98.5,0.8215
cell_08,99.0,0.8896
cell_08,99.5,0.8443
cell_09,0.0,0.9998
cell_09,0.5,0.9953
cell_09,1.0,0.9664
cell_09,1.5,1.0154
cell_09,2.0,0.9755
cell_09,2.5,0.9781
cell_09,3.0,0.9685
cell_09,3.5,1.0013
cell_09,4.0,0.9553
cell_09,4.5,0.9966
cell_09,5.0,1.0037
cell_09,5.5,0.992
cell_09,6.0,0.994
cell_09,6.5,0.9934
cell_09,7.0,0.9578
cell_09,7.5,1.0039
cell_09,8.0,0.9645
cell_09,8.5,0.9709
cell_09,9.0,0.9641
cell_09,9.5,0.979
cell_09,10.0,0.9569
cell_09,10.5,0.9675
cell_09,11.0,0.94
cell_09,11.5,0.9865
cell_09,12.0,0.9751
cell_09,12.5,0.9543
cell_09,13.0,0.9493
cell_09,13.5,0.97
cell_09,14.0,1.5375
cell_09,14.5,0.9566
cell_09,15.0,0.9759
cell_09,15.5,0.9349
cell_09,16.0,0.957
cell_09,16.5,0.9544
cell_09,17.0,0.9447
cell_09,17.5,0.935
cell_09,18.0,0.9679
cell_09,18.5,0.9301
cell_09,19.0,0.9043
cell_09,19.5,0.9519
cell_09,20.0,0.9135
cell_09,20.5,0.9499
cell_09,21.0,0.9612
cell_09,21.5,0.9456
cell_09,22.0,0.9529
cell_09,22.5,0.9704
cell_09,23.0,0.9478
cell_09,23.5,0.9336
cell_09,24.0,0.9582
cell_09,24.5,0.9591
cell_09,25.0,0.9579
cell_09,25.5,0.9111
cell_09,26.0,0.8924
cell_09,26.5,0.9069
cell_09,27.0,0.9305
cell_09,27.5,0.9181
cell_09,28.0,0.9093
cell_09,28.5,0.9231
cell_09,29.0,0.881
cell_09,29.5,0.9117
cell_09,30.0,0.9298
cell_09,30.5,0.9685
cell_09,31.0,1.0081
cell_09,31.5,1.0529
cell_09,32.0,1.0384
cell_09,32.5,1.0394
cell_09,33.0,1.0844
cell_09,33.5,1.0888
cell_09,34.0,1.0785
cell_09,34.5,1.0641
cell_09,35.0,1.0658
cell_09,35.5,1.0376
cell_09,36.0,1.0818
cell_09,36.5,1.077
cell_09,37.0,1.0246
cell_09,37.5,1.0632
cell_09,38.0,1.0488
cell_09,38.5,1.015
cell_09,39.0,1.006
cell_09,39.5,1.0322
cell_09,40.0,1.0114
cell_09,40.5,1.0504
cell_09,41.0,1.0278
cell_09,41.5,1.0129
cell_09,42.0,1.0087
cell_09,42.5,1.0198
cell_09,43.0,1.0051
cell_09,43.5,0.9932
cell_09,44.0,0.9588
cell_09,44.5,1.0348
cell_09,45.0,0.9469
cell_09,45.5,0.9581
cell_09,46.0,0.9267
cell_09,46.5,0.9662
cell_09,47.0,0.9541
cell_09,47.5,0.9621
cell_09,48.0,0.9078
cell_09,48.5,0.9608
cell_09,49.0,0.9183
cell_09,49.5,0.9275
cell_09,50.0,0.9452
cell_09,50.5,0.928
cell_09,51.0,0.9257
cell_09,51.5,0.9313
cell_09,52.0,0.9203
cell_09,52.5,0.9013
cell_09,53.0,0.9013
cell_09,53.5,0.9054
cell_09,54.0,0.8799
cell_09,54.5,0.9144
cell_09,55.0,0.897
cell_09,55.5,0.8895
cell_09,56.0,0.9086
cell_09,56.5,0.8793
cell_09,57.0,0.8749
cell_09,57.5,0.8658
cell_09,58.0,0.8794
cell_09,58.5,0.8758
cell_09,59.0,0.8534
cell_09,59.5,0.8603
cell_09,60.0,0.8478
cell_09,60.5,0.8441
cell_09,61.0,0.8208
cell_09,61.5,0.8481
cell_09,62.0,0.816
cell_09,62.5,0.8381
cell_09,63.0,0.8325
cell_09,63.5,0.8632
cell_09,64.0,0.8194
cell_09,64.5,0.8219
cell_09,65.0,0.827
cell_09,65.5,0.8206
cell_09,66.0,0.8571
cell_09,66.5,-0.1729
cell_09,67.0,0.8174
cell_09,67.5,0.8293
cell_09,68.0,0.8379
cell_09,68.5,0.8104
cell_09,69.0,0.7773
cell_09,69.5,0.8104
cell_09,70.0,0.8382
cell_09,70.5,0.8146
cell_09,71.0,0.8115
cell_09,71.5,0.7833
cell_09,72.0,0.7791
cell_09,72.5,0.8007
cell_09,73.0,0.7697
cell_09,73.5,0.8117
cell_09,74.0,0.7771
cell_09,74.5,0.7914
cell_09,75.0,0.7522
cell_09,75.5,0.78
cell_09,76.0,0.7621
cell_09,76.5,0.7374
cell_09,77.0,0.7927
cell_09,77.5,0.8127
cell_09,78.0,0.8005
cell_09,78.5,0.7896
cell_09,79.0,0.7657
cell_09,79.5,0.7882
cell_09,80.0,0.7946
cell_09,80.5,0.771
cell_09,81.0,0.7427
cell_09,81.5,0.7545
cell_09,82.0,0.7967
cell_09,82.5,0.7593
cell_09,83.0,0.6924
cell_09,83.5,0.7277
cell_09,84.0,0.7468
cell_09,84.5,0.7742
cell_09,85.0,0.7462
cell_09,85.5,-0.394
cell_09,86.0,0.7375
cell_09,86.5,0.707
cell_09,87.0,0.7346
cell_09,87.5,0.7277666666666667
cell_09,88.0,0.7209333333333333
cell_09,88.5,0.7141
cell_09,89.0,0.7304
cell_09,89.5,-0.0507
cell_09,90.0,0.7093
cell_09,90.5,0.7455
cell_09,91.0,0.6886
cell_09,91.5,0.7461
cell_09,92.0,0.7093
cell_09,92.5,0.7335
cell_09,93.0,0.6979
cell_09,93.5,0.7278
cell_09,94.0,0.7022
cell_09,94.5,0.7044
cell_09,95.0,0.7258
cell_09,95.5,0.7067
cell_09,96.0,0.7213
cell_09,96.5,0.7082
cell_09,97.0,0.7117
cell_09,97.5,0.7176
cell_09,98.0,0.7
cell_09,98.5,0.6855
cell_09,99.0,0.6931
cell_09,99.5,1.3079
cell_10,0.0,0.8166
cell_10,0.5,0.7847
cell_10,1.0,0.7934
cell_10,1.5,0.7872
cell_10,2.0,0.7628
cell_10,2.5,0.833
cell_10,3.0,0.8012
cell_10,3.5,0.801
cell_10,4.0,0.8377
cell_10,4.5,0.7982
cell_10,5.0,0.7909
cell_10,5.5,0.8032
cell_10,6.0,0.7851
cell_10,6.5,0.8146
cell_10,7.0,0.8003
cell_10,7.5,0.7976
cell_10,8.0,0.7959
cell_10,8.5,0.8056
cell_10,9.0,0.8094
cell_10,9.5,0.7973
cell_10,10.0,0.8006
cell_10,10.5,0.8061
cell_10,11.0,0.8041
cell_10,11.5,0.8084
cell_10,12.0,0.7942
cell_10,12.5,0.8278
cell_10,13.0,0.8097
cell_10,13.5,0.7977
cell_10,14.0,0.8146
cell_10,14.5,0.8062
cell_10,15.0,0.7731
cell_10,15.5,0.8145
cell_10,16.0,0.7873
cell_10,16.5,0.8264
cell_10,17.0,0.8029
cell_10,17.5,0.8233
cell_10,18.0,0.7951
cell_10,18.5,0.8091
cell_10,19.0,0.8319
cell_10,19.5,0.8024
cell_10,20.0,0.7959
cell_10,20.5,0.8208
cell_10,21.0,0.8204
cell_10,21.5,0.7968
cell_10,22.0,0.768
cell_10,22.5,0.7955
cell_10,23.0,0.8213
cell_10,23.5,0.8144
cell_10,24.0,0.8075
cell_10,24.5,0.7946
cell_10,25.0,0.7691
cell_10,25.5,0.7942
cell_10,26.0,0.8212
cell_10,26.5,0.7603
cell_10,27.0,0.8128
cell_10,27.5,0.784
cell_10,28.0,0.8199
cell_10,28.5,0.822
cell_10,29.0,0.8043
cell_10,29.5,0.8043
cell_10,30.0,0.7916
cell_10,30.5,0.9381
cell_10,31.0,1.1247
cell_10,31.5,1.1731
cell_10,32.0,1.2999
cell_10,32.5,1.312
cell_10,33.0,1.3858
cell_10,33.5,1.3867
cell_10,34.0,1.4445
cell_10,34.5,1.4441
cell_10,35.0,1.4609
cell_10,35.5,1.4777
cell_10,36.0,1.4567
cell_10,36.5,1.4347
cell_10,37.0,1.473
cell_10,37.5,1.4271
cell_10,38.0,1.4509
cell_10,38.5,1.4493
cell_10,39.0,1.4106
cell_10,39.5,1.4292
cell_10,40.0,1.4021
cell_10,40.5,1.3651
cell_10,41.0,1.3934
cell_10,41.5,1.3288
cell_10,42.0,1.3303
cell_10,42.5,1.3199
cell_10,43.0,1.3225
cell_10,43.5,1.3192
cell_10,44.0,1.3046
cell_10,44.5,1.275
cell_10,45.0,1.2521
cell_10,45.5,1.2086
cell_10,46.0,1.2065
cell_10,46.5,1.2561
cell_10,47.0,1.1723
cell_10,47.5,1.1819
cell_10,48.0,1.2093
cell_10,48.5,1.1797
cell_10,49.0,1.1835
cell_10,49.5,1.1655
cell_10,50.0,1.174
cell_10,50.5,1.1408
cell_10,51.0,1.1387
cell_10,51.5,1.1017
cell_10,52.0,1.1189
cell_10,52.5,1.0906
cell_10,53.0,1.081
cell_10,53.5,1.0997
cell_10,54.0,1.0919
cell_10,54.5,1.0999
cell_10,55.0,1.0911
cell_10,55.5,1.0696
cell_10,56.0,1.0098
cell_10,56.5,1.0738
cell_10,57.0,1.049
cell_10,57.5,1.0088
cell_10,58.0,1.0324
cell_10,58.5,0.9909
cell_10,59.0,1.0181
cell_10,59.5,0.9736
cell_10,60.0,0.9782
cell_10,60.5,0.99165
cell_10,61.0,1.0051
cell_10,61.5,0.985
cell_10,62.0,0.9678
cell_10,62.5,0.9264
cell_10,63.0,0.9598
cell_10,63.5,0.9701
cell_10,64.0,0.9486
cell_10,64.5,0.9502
cell_10,65.0,0.9428
cell_10,65.5,0.936
cell_10,66.0,0.94
cell_10,66.5,0.9293
cell_10,67.0,0.9599
cell_10,67.5,0.8833
cell_10,68.0,0.913
cell_10,68.5,0.9031
cell_10,69.0,0.9216
cell_10,69.5,0.9156
cell_10,70.0,0.9434
cell_10,70.5,0.9469
cell_10,71.0,0.8895
cell_10,71.5,0.9022
cell_10,72.0,0.9033
cell_10,72.5,0.8808
cell_10,73.0,0.9067
cell_10,73.5,0.8868
cell_10,74.0,0.8678
cell_10,74.5,0.8812
cell_10,75.0,0.8645
cell_10,75.5,0.903
cell_10,76.0,0.9181
cell_10,76.5,0.8828
cell_10,77.0,0.8781
cell_10,77.5,0.877
cell_10,78.0,0.8956
cell_10,78.5,0.8933
cell_10,79.0,0.866
cell_10,79.5,0.8716
cell_10,80.0,0.8779
cell_10,80.5,0.8404
cell_10,81.0,0.8858
cell_10,81.5,0.8946
cell_10,82.0,0.8817
cell_10,82.5,0.832
cell_10,83.0,0.8161
cell_10,83.5,0.8683
cell_10,84.0,0.8376
cell_10,84.5,0.8572
cell_10,85.0,0.8809
cell_10,85.5,0.8358
cell_10,86.0,0.8402
cell_10,86.5,0.8521
cell_10,87.0,0.8195
cell_10,87.5,0.83165
cell_10,88.0,0.8438
cell_10,88.5,0.8362
cell_10,89.0,0.8534
cell_10,89.5,0.8956
cell_10,90.0,0.8413
cell_10,90.5,0.8215
cell_10,91.0,0.8658
cell_10,91.5,0.8048
cell_10,92.0,0.808
cell_10,92.5,0.823
cell_10,93.0,0.8285
cell_10,93.5,0.821
cell_10,94.0,0.832
cell_10,94.5,0.8374
cell_10,95.0,0.8526
cell_10,95.5,0.8323
cell_10,96.0,0.8186
cell_10,96.5,0.8495
cell_10,97.0,0.8122
cell_10,97.5,0.7953
cell_10,98.0,0.8515
cell_10,98.5,0.8496
cell_10,99.0,0.8104
cell_10,99.5,0.8177
cell_11,0.0,0.8657
cell_11,0.5,0.8092
cell_11,1.0,0.8148
cell_11,1.5,0.8229
cell_11,2.0,0.8427
cell_11,2.5,0.83
cell_11,3.0,0.8
cell_11,3.5,0.8152
cell_11,4.0,0.8137
cell_11,4.5,0.8243
cell_11,5.0,0.8344
cell_11,5.5,0.8342
cell_11,6.0,0.7903
cell_11,6.5,0.8471
cell_11,7.0,0.8309
cell_11,7.5,0.8535
cell_11,8.0,0.8347
cell_11,8.5,0.8479
cell_11,9.0,0.8352
cell_11,9.5,0.8528
cell_11,10.0,0.8363
cell_11,10.5,0.8239
cell_11,11.0,0.8713
cell_11,11.5,0.8436
cell_11,12.0,0.8373
cell_11,12.5,0.8003
cell_11,13.0,0.8001
cell_11,13.5,0.8317
cell_11,14.0,0.8288
cell_11,14.5,0.8136
cell_11,15.0,0.8287
cell_11,15.5,0.8576
cell_11,16.0,0.8397
cell_11,16.5,0.803
cell_11,17.0,0.8236
cell_11,17.5,0.8097
cell_11,18.0,0.8181
cell_11,18.5,0.8176
cell_11,19.0,0.8163
cell_11,19.5,0.8007
cell_11,20.0,0.8233
cell_11,20.5,0.8146
cell_11,21.0,0.7673
cell_11,21.5,0.8669
cell_11,22.0,0.8476
cell_11,22.5,0.8183
cell_11,23.0,0.8262
cell_11,23.5,0.8024
cell_11,24.0,0.8598
cell_11,24.5,0.8638
cell_11,25.0,0.829
cell_11,25.5,0.8463
cell_11,26.0,0.8293
cell_11,26.5,0.7991
cell_11,27.0,0.8176
cell_11,27.5,0.8285
cell_11,28.0,0.8167
cell_11,28.5,0.8215
cell_11,29.0,0.824
cell_11,29.5,0.8242
cell_11,30.0,0.8269
cell_11,30.5,1.0602
cell_11,31.0,1.2509
cell_11,31.5,1.37695
cell_11,32.0,1.503
cell_11,32.5,1.5511499999999998
cell_11,33.0,1.5993
cell_11,33.5,1.6217
cell_11,34.0,1.593
cell_11,34.5,1.5428
cell_11,35.0,1.5766
cell_11,35.5,1.5667
cell_11,36.0,1.5287
cell_11,36.5,1.5172
cell_11,37.0,1.5353
cell_11,37.5,1.4944
cell_11,38.0,1.4387
cell_11,38.5,1.4012
cell_11,39.0,1.403
cell_11,39.5,1.3819
cell_11,40.0,1.3734
cell_11,40.5,1.3307
cell_11,41.0,1.3302
cell_11,41.5,1.338
cell_11,42.0,1.2956
cell_11,42.5,1.2591
cell_11,43.0,1.238
cell_11,43.5,1.2168
cell_11,44.0,1.2305
cell_11,44.5,1.178
cell_11,45.0,1.1758
cell_11,45.5,1.1609
cell_11,46.0,1.1355
cell_11,46.5,1.1043
cell_11,47.0,1.125
cell_11,47.5,1.1047
cell_11,48.0,1.1038
cell_11,48.5,1.0716
cell_11,49.0,1.0956
cell_11,49.5,1.0431
cell_11,50.0,1.0847
cell_11,50.5,1.0058
cell_11,51.0,1.0402
cell_11,51.5,1.0321
cell_11,52.0,0.9982
cell_11,52.5,1.0145
cell_11,53.0,1.0238
cell_11,53.5,0.9464
cell_11,54.0,0.9937
cell_11,54.5,0.927
cell_11,55.0,0.951
cell_11,55.5,0.9966
cell_11,56.0,0.96275
cell_11,56.5,0.9289
cell_11,57.0,0.9429
cell_11,57.5,0.983
cell_11,58.0,0.9
cell_11,58.5,0.9109
cell_11,59.0,0.9573
cell_11,59.5,0.9601
cell_11,60.0,0.9167
cell_11,60.5,0.8899
cell_11,61.0,0.9528
cell_11,61.5,0.9391
cell_11,62.0,0.9173
cell_11,62.5,0.8841
cell_11,63.0,0.8961
cell_11,63.5,0.8908
cell_11,64.0,0.8977
cell_11,64.5,0.9173
cell_11,65.0,0.9032
cell_11,65.5,0.8614
cell_11,66.0,0.908
cell_11,66.5,0.8844
cell_11,67.0,0.8896
cell_11,67.5,0.9031
cell_11,68.0,0.8494
cell_11,68.5,0.869
cell_11,69.0,0.8572
cell_11,69.5,0.8346
cell_11,70.0,0.8712
cell_11,70.5,0.9128
cell_11,71.0,0.8242
cell_11,71.5,0.8588
cell_11,72.0,0.8708
cell_11,72.5,0.8591
cell_11,73.0,0.853
cell_11,73.5,0.828
cell_11,74.0,0.8575
cell_11,74.5,0.8365
cell_11,75.0,0.8067
cell_11,75.5,0.8734
cell_11,76.0,0.8676
cell_11,76.5,0.8485
cell_11,77.0,0.8511
cell_11,77.5,0.8671
cell_11,78.0,0.8493
cell_11,78.5,0.862
cell_11,79.0,0.8372
cell_11,79.5,0.8687
cell_11,80.0,0.8481
cell_11,80.5,0.8449
cell_11,81.0,0.815
cell_11,81.5,0.8455
cell_11,82.0,0.8225
cell_11,82.5,0.8258
cell_11,83.0,0.8217
cell_11,83.5,0.8162
cell_11,84.0,0.8795
cell_11,84.5,0.8631
cell_11,85.0,0.8745
cell_11,85.5,0.8111
cell_11,86.0,0.8366
cell_11,86.5,0.8089
cell_11,87.0,0.8205
cell_11,87.5,0.8157
cell_11,88.0,0.8585
cell_11,88.5,0.8254
cell_11,89.0,0.8544
cell_11,89.5,0.8448
cell_11,90.0,0.8785
cell_11,90.5,0.8025
cell_11,91.0,0.857
cell_11,91.5,0.8545
cell_11,92.0,0.8119
cell_11,92.5,0.82475
cell_11,93.0,0.8376
cell_11,93.5,0.8261
cell_11,94.0,0.814
cell_11,94.5,0.8159
cell_11,95.0,0.8711
cell_11,95.5,0.8299
cell_11,96.0,0.8453
cell_11,96.5,0.8137
cell_11,97.0,0.8138
cell_11,97.5,0.8509
cell_11,98.0,0.8021
cell_11,98.5,0.8206
cell_11,99.0,0.8295
cell_11,99.5,0.8309
cell_12,0.0,0.9991
cell_12,0.5,1.042
cell_12,1.0,1.0182
cell_12,1.5,1.0188
cell_12,2.0,1.0372
cell_12,2.5,1.0399
cell_12,3.0,1.0353
cell_12,3.5,1.0034
cell_12,4.0,1.0351
cell_12,4.5,1.0036
cell_12,5.0,1.0356
cell_12,5.5,0.9914
cell_12,6.0,1.018
cell_12,6.5,1.0034
cell_12,7.0,1.0373
cell_12,7.5,1.0422
cell_12,8.0,1.0238
cell_12,8.5,1.0232
cell_12,9.0,1.0339
cell_12,9.5,1.0423
cell_12,10.0,1.0206
cell_12,10.5,1.0099
cell_12,11.0,1.0328
cell_12,11.5,0.9827
cell_12,12.0,1.0381
cell_12,12.5,1.0057
cell_12,13.0,1.0151
cell_12,13.5,1.0382
cell_12,14.0,1.0115
cell_12,14.5,1.0328
cell_12,15.0,1.0426
cell_12,15.5,1.0221
cell_12,16.0,1.0261
cell_12,16.5,1.0175
cell_12,17.0,1.0222
cell_12,17.5,0.9975
cell_12,18.0,1.014
cell_12,18.5,0.9941
cell_12,19.0,1.0019
cell_12,19.5,0.9798
cell_12,20.0,1.0251
cell_12,20.5,1.0537
cell_12,21.0,1.0107
cell_12,21.5,1.0392
cell_12,22.0,1.0424
cell_12,22.5,0.9959
cell_12,23.0,1.0002
cell_12,23.5,1.0397
cell_12,24.0,1.018
cell_12,24.5,0.994
cell_12,25.0,1.0071
cell_12,25.5,1.0283
cell_12,26.0,1.004
cell_12,26.5,0.9644
cell_12,27.0,0.9897
cell_12,27.5,1.015
cell_12,28.0,1.02
cell_12,28.5,1.0204499999999999
cell_12,29.0,1.0209
cell_12,29.5,1.0247
cell_12,30.0,1.041
cell_12,30.5,1.2055
cell_12,31.0,1.3937
cell_12,31.5,1.4389
cell_12,32.0,1.5321
cell_12,32.5,1.6281
cell_12,33.0,1.6882
cell_12,33.5,1.6922
cell_12,34.0,1.6975
cell_12,34.5,1.7652
cell_12,35.0,1.7189
cell_12,35.5,1.7403
cell_12,36.0,1.7539
cell_12,36.5,1.7092
cell_12,37.0,1.6932
cell_12,37.5,1.6799
cell_12,38.0,1.6928
cell_12,38.5,1.6785
cell_12,39.0,1.6397
cell_12,39.5,1.658
cell_12,40.0,1.6019
cell_12,40.5,1.608
cell_12,41.0,1.5544
cell_12,41.5,1.5909
cell_12,42.0,1.557
cell_12,42.5,1.5048
cell_12,43.0,1.5182
cell_12,43.5,1.4997
cell_12,44.0,1.4862
cell_12,44.5,1.389
cell_12,45.0,1.4371
cell_12,45.5,1.4181
cell_12,46.0,1.4018
cell_12,46.5,1.3823
cell_12,47.0,1.369
cell_12,47.5,1.3763
cell_12,48.0,1.3485
cell_12,48.5,1.3296
cell_12,49.0,1.336
cell_12,49.5,1.3101
cell_12,50.0,1.3009
cell_12,50.5,1.3172
cell_12,51.0,1.2609
cell_12,51.5,1.2294
cell_12,52.0,1.2517
cell_12,52.5,1.2454
cell_12,53.0,1.2468
cell_12,53.5,1.2261
cell_12,54.0,1.231
cell_12,54.5,1.2582
cell_12,55.0,1.2166
cell_12,55.5,1.213
cell_12,56.0,1.1839
cell_12,56.5,1.1522
cell_12,57.0,1.1276
cell_12,57.5,1.1571
cell_12,58.0,1.11
cell_12,58.5,1.1662
cell_12,59.0,1.1429
cell_12,59.5,1.1191
cell_12,60.0,1.143
cell_12,60.5,1.1208
cell_12,61.0,1.14
cell_12,61.5,1.1407
cell_12,62.0,1.1083
cell_12,62.5,1.1135
cell_12,63.0,1.1186
cell_12,63.5,1.0824
cell_12,64.0,1.1112
cell_12,64.5,1.0749
cell_12,65.0,1.1115
cell_12,65.5,1.0883
cell_12,66.0,1.0652
cell_12,66.5,1.0794
cell_12,67.0,1.0774
cell_12,67.5,1.1068
cell_12,68.0,1.0863
cell_12,68.5,1.0612
cell_12,69.0,1.1109
cell_12,69.5,1.0881
cell_12,70.0,1.0666
cell_12,70.5,1.0402
cell_12,71.0,1.0607
cell_12,71.5,1.0628
cell_12,72.0,1.0727
cell_12,72.5,1.0757
cell_12,73.0,1.0779
cell_12,73.5,1.0279
cell_12,74.0,1.0627
cell_12,74.5,1.0538
cell_12,75.0,1.0546
cell_12,75.5,1.0554
cell_12,76.0,1.0403
cell_12,76.5,1.0536
cell_12,77.0,1.05
cell_12,77.5,1.0092
cell_12,78.0,1.056
cell_12,78.5,1.0405
cell_12,79.0,1.0451
cell_12,79.5,1.0271
cell_12,80.0,1.0217
cell_12,80.5,1.0603
cell_12,81.0,1.0639
cell_12,81.5,1.0493
cell_12,82.0,1.0038
cell_12,82.5,1.0489
cell_12,83.0,1.0026
cell_12,83.5,1.0245
cell_12,84.0,1.037
cell_12,84.5,1.0495
cell_12,85.0,1.0448
cell_12,85.5,1.0613
cell_12,86.0,1.0457
cell_12,86.5,0.9935
cell_12,87.0,1.0259
cell_12,87.5,1.032
cell_12,88.0,1.0291
cell_12,88.5,1.0194
cell_12,89.0,1.0107
cell_12,89.5,1.0789
cell_12,90.0,1.0226
cell_12,90.5,1.0147
cell_12,91.0,1.0068
cell_12,91.5,1.0423
cell_12,92.0,1.0334
cell_12,92.5,1.01
cell_12,93.0,1.0188
cell_12,93.5,1.0275
cell_12,94.0,1.0106
cell_12,94.5,1.0221
cell_12,95.0,0.9796
cell_12,95.5,1.0408
cell_12,96.0,1.0509
cell_12,96.5,1.0352
cell_12,97.0,1.0711
cell_12,97.5,1.0392
cell_12,98.0,1.0482
cell_12,98.5,1.0499
cell_12,99.0,0.9699
cell_12,99.5,1.0332
